TenGiangVien,Email,SoDienThoai,DiaChi
Nguyen Vo Hoai Linh,nguyenvana@example.com,1254789653,Ha Noi
Lung Thi Linh,nguyenthilunglinh@example.com,987654321,Ho Chi Minh
Nguyen Cong Danh,nguyenCongdanh@example.com,121457898,Ho Chi Minh
Tran Nha Dinh,trannhadinh@example.com,159863578,Ho Chi Minh
To Hiu Tiu,hutiunamvang@example.com,8975632145,Ho Chi Minh
Pham Van Hoang,phamvanhoang@example.com,123456789,Da Nang
Le Thi Thu Ha,lethithuha@example.com,987321456,Ha Noi
Nguyen Van Binh,nguyenvanbinh@example.com,456789123,Can Tho
Tran Thi Mai,tranthimai@example.com,147852369,Da Nang
Doan Van Khoa,doanvankhoa@example.com,852369741,Ho Chi Minh
Nguyen Thi Kim Chi,nguyenthikimchi@example.com,963852741,Ha Noi
Phan Van Tai,phanvantai@example.com,753159456,Can Tho
Le Minh Tuan,leminhtuan@example.com,951753852,Da Nang
Vo Thi Thanh,voithithanh@example.com,789456123,Ha Noi
Tran Quoc Khanh,tranquockhanh@example.com,654987321,Ho Chi Minh
Nguyen Thi Lan,nguyenthilan@example.com,321654987,Da Nang
Tran Van Son,tranvanson@example.com,789123654,Ha Noi
Pham Thi Huong,phamthihuong@example.com,456321789,Can Tho
Bui Thi Thu Thao,buithithuthao@example.com,852147963,Ho Chi Minh
Nguyen Minh Hoang,nguyenminhhoang@example.com,963741852,Ha Noi
Le Quang Hieu,lequanghieu@example.com,741852963,Da Nang
Do Thi Bich, dothibich@example.com,159753486,Ha Noi
Tran Van Phuc,tranvanphuc@example.com,357159486,Ho Chi Minh
Nguyen Thi Bich Ngoc,nguyenthbichngoc@example.com,951486357,Can Tho
Hoang Van Tu,hoangvantu@example.com,753486159,Da Nang
Pham Thi Thuy,phamthithuy@example.com,486753159,Ha Noi
Nguyen Van Quyen,nguyenvanquyen@example.com,357951486,Ho Chi Minh
Vu Thi Lien,vuthilien@example.com,159486753,Can Tho
Tran Thi Lan Anh,tranthilananh@example.com,486159753,Da Nang
Hoa Huu,nguyenvana@example.com,123456789,Ho Chi Minh
Ha Nhat,lethib@example.com,987654321,Ho Chi Minh
Van Cuong,tranvanc@example.com,912345678,Ho Chi Minh
Linh Tan,phamthid@example.com,908765432,Ho Chi Minh
Vo Minh,hoangvane@example.com,934567890,Ho Chi Minh
Hoai Chinh,nguyenvana@example.com,123456789,Ho Chi Minh
Lan Khanh,lethib@example.com,987654321,Ho Chi Minh
Truc Chinh,tranvanc@example.com,912345678,Ho Chi Minh
Pham Dai,phamthid@example.com,908765432,Ho Chi Minh
Tu Thuan,hoangvane@example.com,934567890,Ho Chi Minh
Tu Hoang,nguyenvana@example.com,123456789,Ho Chi Minh
Hoang Phan,lethib@example.com,987654321,Ho Chi Minh
Vo Lan,tranvanc@example.com,912345678,Ho Chi Minh
Tuan Lan,phamthid@example.com,908765432,Ho Chi Minh
Ly Khanh,hoangvane@example.com,934567890,Ho Chi Minh
Vinh Viet,nguyenvana@example.com,123456789,Ho Chi Minh
Linh Phu,lethib@example.com,987654321,Ho Chi Minh
Duc Nhat,tranvanc@example.com,912345678,Ho Chi Minh
Pham Phu,phamthid@example.com,908765432,Ho Chi Minh
Van Huu,hoangvane@example.com,934567890,Ho Chi Minh
Duy Quang,nguyenvana@example.com,123456789,Ho Chi Minh
Ly Hai,lethib@example.com,987654321,Ho Chi Minh
Tuan Van,tranvanc@example.com,912345678,Ho Chi Minh
Long Nguyen,phamthid@example.com,908765432,Ho Chi Minh
Duy Quang,hoangvane@example.com,934567890,Ho Chi Minh
Khoa Phong,nguyenvana@example.com,123456789,Ho Chi Minh
Duy Phan,lethib@example.com,987654321,Ho Chi Minh
Thang Xuan,tranvanc@example.com,912345678,Ho Chi Minh
Truc Tam,phamthid@example.com,908765432,Ho Chi Minh
Ha Chinh,hoangvane@example.com,934567890,Ho Chi Minh
Minh Ngoc,nguyenvana@example.com,123456789,Ho Chi Minh
Cuong Phong,lethib@example.com,987654321,Ho Chi Minh
Bui Ninh,tranvanc@example.com,912345678,Ho Chi Minh
Ngoc Nhung,phamthid@example.com,908765432,Ho Chi Minh
Son Khac,hoangvane@example.com,934567890,Ho Chi Minh
Lan Nhat,nguyenvana@example.com,123456789,Ho Chi Minh
Thuy Nguyen,lethib@example.com,987654321,Ho Chi Minh
Van Ho,tranvanc@example.com,912345678,Ho Chi Minh
Thuy Cuong,phamthid@example.com,908765432,Ho Chi Minh
Hoang Truong,hoangvane@example.com,934567890,Ho Chi Minh
Duc Hai,nguyenvana@example.com,123456789,Ho Chi Minh
Long Khanh,lethib@example.com,987654321,Ho Chi Minh
Dang Khac,tranvanc@example.com,912345678,Ho Chi Minh
Nhat Phan,phamthid@example.com,908765432,Ho Chi Minh
Tuan Thi,hoangvane@example.com,934567890,Ho Chi Minh
Tu Nguyen,nguyenvana@example.com,123456789,Ho Chi Minh
Mai Son,lethib@example.com,987654321,Ho Chi Minh
Kien Tu,tranvanc@example.com,912345678,Ho Chi Minh
Ly Dai,phamthid@example.com,908765432,Ho Chi Minh
Tu Lao,hoangvane@example.com,934567890,Ho Chi Minh
Tam Minh,nguyenvana@example.com,123456789,Ho Chi Minh
An Truong,lethib@example.com,987654321,Ho Chi Minh
Tu Khanh,tranvanc@example.com,912345678,Ho Chi Minh
Quang Huu,phamthid@example.com,908765432,Ho Chi Minh
Hieu Nguyen,hoangvane@example.com,934567890,Ho Chi Minh
Vinh Phan,nguyenvana@example.com,123456789,Ho Chi Minh
Lai Ninh,lethib@example.com,987654321,Ho Chi Minh
Thang Nguyet,tranvanc@example.com,912345678,Ho Chi Minh
Cuong Xuan,phamthid@example.com,908765432,Ho Chi Minh
Phuc Thao,hoangvane@example.com,934567890,Ho Chi Minh
Chinh Truong,nguyenvana@example.com,123456789,Ho Chi Minh
Nguyen Son,lethib@example.com,987654321,Ho Chi Minh
Chinh Khanh,tranvanc@example.com,912345678,Ho Chi Minh
Tuan Dinh,phamthid@example.com,908765432,Ho Chi Minh
Long Ho,hoangvane@example.com,934567890,Ho Chi Minh
Hoai Nhung,nguyenvana@example.com,123456789,Ho Chi Minh
Thang Tam,lethib@example.com,987654321,Ho Chi Minh
Ha Khanh,tranvanc@example.com,912345678,Ho Chi Minh
Duy Bach,phamthid@example.com,908765432,Ho Chi Minh
Chau Nhat,hoangvane@example.com,934567890,Ho Chi Minh
Tu Dung,nguyenvana@example.com,123456789,Ho Chi Minh
Hanh Linh,lethib@example.com,987654321,Ho Chi Minh
Dang Quang,tranvanc@example.com,912345678,Ho Chi Minh
Hanh Quang,phamthid@example.com,908765432,Ho Chi Minh
Thang Dung,hoangvane@example.com,934567890,Ho Chi Minh
Thuy Ho,nguyenvana@example.com,123456789,Ho Chi Minh
Ngo Ho,lethib@example.com,987654321,Ho Chi Minh
Bui Bach,tranvanc@example.com,912345678,Ho Chi Minh
Tran Quoc,phamthid@example.com,908765432,Ho Chi Minh
Vo Huu,hoangvane@example.com,934567890,Ho Chi Minh
Linh Viet,nguyenvana@example.com,123456789,Ho Chi Minh
Chau Dung,lethib@example.com,987654321,Ho Chi Minh
Lan Linh,tranvanc@example.com,912345678,Ho Chi Minh
Lan Phan,phamthid@example.com,908765432,Ho Chi Minh
Ngoc Cuong,hoangvane@example.com,934567890,Ho Chi Minh
Thao Van,nguyenvana@example.com,123456789,Ho Chi Minh
Thang Thach,lethib@example.com,987654321,Ho Chi Minh
Duc Linh,tranvanc@example.com,912345678,Ho Chi Minh
Ngoc Ninh,phamthid@example.com,908765432,Ho Chi Minh
Vo Tu,hoangvane@example.com,934567890,Ho Chi Minh
Phu Linh,nguyenvana@example.com,123456789,Ho Chi Minh
Thuy Thuan,lethib@example.com,987654321,Ho Chi Minh
Son Khanh,tranvanc@example.com,912345678,Ho Chi Minh
Linh Hoang,phamthid@example.com,908765432,Ho Chi Minh
Quang Quoc,hoangvane@example.com,934567890,Ho Chi Minh
Cuong Khanh,nguyenvana@example.com,123456789,Ho Chi Minh
Lai Thao,lethib@example.com,987654321,Ho Chi Minh
Tam Hanh,tranvanc@example.com,912345678,Ho Chi Minh
Thuy Nguyen,phamthid@example.com,908765432,Ho Chi Minh
Thang Quoc,hoangvane@example.com,934567890,Ho Chi Minh
Hanh Tu,nguyenvana@example.com,123456789,Ho Chi Minh
Ly Khanh,lethib@example.com,987654321,Ho Chi Minh
Thuy Tram,tranvanc@example.com,912345678,Ho Chi Minh
Duong Thao,phamthid@example.com,908765432,Ho Chi Minh
Hoai Hanh,hoangvane@example.com,934567890,Ho Chi Minh
Tu Tam,nguyenvana@example.com,123456789,Ho Chi Minh
Cuong Lan,lethib@example.com,987654321,Ho Chi Minh
Van Nhung,tranvanc@example.com,912345678,Ho Chi Minh
Van Thuan,phamthid@example.com,908765432,Ho Chi Minh
Phu Thao,hoangvane@example.com,934567890,Ho Chi Minh
Cuong Giang,nguyenvana@example.com,123456789,Ho Chi Minh
Thang Quang,lethib@example.com,987654321,Ho Chi Minh
Dang Lao,tranvanc@example.com,912345678,Ho Chi Minh
Hoai Hanh,phamthid@example.com,908765432,Ho Chi Minh
Lai Tu,hoangvane@example.com,934567890,Ho Chi Minh
Thang Chinh,nguyenvana@example.com,123456789,Ho Chi Minh
Hoang Chinh,lethib@example.com,987654321,Ho Chi Minh
Ngo Huu,tranvanc@example.com,912345678,Ho Chi Minh
Quang Ninh,phamthid@example.com,908765432,Ho Chi Minh
Khoa Dung,hoangvane@example.com,934567890,Ho Chi Minh
Le Minh,nguyenvana@example.com,123456789,Ho Chi Minh
Linh Quoc,lethib@example.com,987654321,Ho Chi Minh
Tran Ho,tranvanc@example.com,912345678,Ho Chi Minh
Khoa Minh,phamthid@example.com,908765432,Ho Chi Minh
Bui Lan,hoangvane@example.com,934567890,Ho Chi Minh
Hoang Tu,nguyenvana@example.com,123456789,Ho Chi Minh
Hanh Huu,lethib@example.com,987654321,Ho Chi Minh
Cuong Nguyen,tranvanc@example.com,912345678,Ho Chi Minh
Pham Tam,phamthid@example.com,908765432,Ho Chi Minh
Duy Nguyen,hoangvane@example.com,934567890,Ho Chi Minh
Ly An,nguyenvana@example.com,123456789,Ho Chi Minh
Nguyen Dinh,lethib@example.com,987654321,Ho Chi Minh
Thang Tan,tranvanc@example.com,912345678,Ho Chi Minh
Thang Thao,phamthid@example.com,908765432,Ho Chi Minh
Thuy Dinh,hoangvane@example.com,934567890,Ho Chi Minh
Linh Khanh,nguyenvana@example.com,123456789,Ho Chi Minh
Ly Ngoc,lethib@example.com,987654321,Ho Chi Minh
Hieu Khanh,tranvanc@example.com,912345678,Ho Chi Minh
Bao Ninh,phamthid@example.com,908765432,Ho Chi Minh
An Ho,hoangvane@example.com,934567890,Ho Chi Minh
Duong Truong,nguyenvana@example.com,123456789,Ho Chi Minh
Le Van,lethib@example.com,987654321,Ho Chi Minh
Vo Nguyet,tranvanc@example.com,912345678,Ho Chi Minh
Tuan Giang,phamthid@example.com,908765432,Ho Chi Minh
Hoa Ho,hoangvane@example.com,934567890,Ho Chi Minh
Ly Dinh,nguyenvana@example.com,123456789,Ho Chi Minh
Ngo Khanh,lethib@example.com,987654321,Ho Chi Minh
Lan Nhat,tranvanc@example.com,912345678,Ho Chi Minh
Long Dai,phamthid@example.com,908765432,Ho Chi Minh
Ngo Thach,hoangvane@example.com,934567890,Ho Chi Minh
Chinh Ngoc,nguyenvana@example.com,123456789,Ho Chi Minh
Thang Khac,lethib@example.com,987654321,Ho Chi Minh
Mai Dai,tranvanc@example.com,912345678,Ho Chi Minh
Le Phong,phamthid@example.com,908765432,Ho Chi Minh
Kien Thi,hoangvane@example.com,934567890,Ho Chi Minh
Ngo Tu,nguyenvana@example.com,123456789,Ho Chi Minh
Duy Dinh,lethib@example.com,987654321,Ho Chi Minh
Hanh Chinh,tranvanc@example.com,912345678,Ho Chi Minh
Duong Hai,phamthid@example.com,908765432,Ho Chi Minh
Thang Ho,hoangvane@example.com,934567890,Ho Chi Minh
Tuyet Ho,nguyenvana@example.com,123456789,Ho Chi Minh
Thuy Cuong,lethib@example.com,987654321,Ho Chi Minh
Truc Khanh,tranvanc@example.com,912345678,Ho Chi Minh
Cuong Hoang,phamthid@example.com,908765432,Ho Chi Minh
Truc Khac,hoangvane@example.com,934567890,Ho Chi Minh
Mai Viet,nguyenvana@example.com,123456789,Ho Chi Minh
Bao Van,lethib@example.com,987654321,Ho Chi Minh
Mai Thi,tranvanc@example.com,912345678,Ho Chi Minh
Kien Bach,phamthid@example.com,908765432,Ho Chi Minh
Tuan Ho,hoangvane@example.com,934567890,Ho Chi Minh
Vinh An,nguyenvana@example.com,123456789,Ho Chi Minh
Thuy Tan,lethib@example.com,987654321,Ho Chi Minh
Quang Ninh,tranvanc@example.com,912345678,Ho Chi Minh
Dang Huu,phamthid@example.com,908765432,Ho Chi Minh
Hieu Quoc,hoangvane@example.com,934567890,Ho Chi Minh
Minh Ho,nguyenvana@example.com,123456789,Ho Chi Minh
Khoa Khanh,lethib@example.com,987654321,Ho Chi Minh
Phuc Hanh,tranvanc@example.com,912345678,Ho Chi Minh
Lan Khac,phamthid@example.com,908765432,Ho Chi Minh
Tam Nguyen,hoangvane@example.com,934567890,Ho Chi Minh
Bui Khanh,nguyenvana@example.com,123456789,Ho Chi Minh
Tam Tu,lethib@example.com,987654321,Ho Chi Minh
Nguyen Ho,tranvanc@example.com,912345678,Ho Chi Minh
Lai Thao,phamthid@example.com,908765432,Ho Chi Minh
Thuy Huu,hoangvane@example.com,934567890,Ho Chi Minh
Ly Hoang,nguyenvana@example.com,123456789,Ho Chi Minh
Nhat Huu,lethib@example.com,987654321,Ho Chi Minh
Tuyet Dinh,tranvanc@example.com,912345678,Ho Chi Minh
Thao Dung,phamthid@example.com,908765432,Ho Chi Minh
Ly Ngoc,hoangvane@example.com,934567890,Ho Chi Minh
Hanh Tram,nguyenvana@example.com,123456789,Ho Chi Minh
Thuy Quang,lethib@example.com,987654321,Ho Chi Minh
Vinh Cuong,tranvanc@example.com,912345678,Ho Chi Minh
Hoa Dinh,phamthid@example.com,908765432,Ho Chi Minh
Thuy Dung,hoangvane@example.com,934567890,Ho Chi Minh
Nguyen Thach,nguyenvana@example.com,123456789,Ho Chi Minh
Tran Tam,lethib@example.com,987654321,Ho Chi Minh
Ngoc Phong,tranvanc@example.com,912345678,Ho Chi Minh
Hoa Dinh,phamthid@example.com,908765432,Ho Chi Minh
Truc Viet,hoangvane@example.com,934567890,Ho Chi Minh